Calendar_Year,ACARA_SML_ ID,Location_AGE_ID,School_AGE_ID,School_Name,Suburb,State,Postcode,School_Sector,School_Type,Campus_Type,Rolled_Reporting_Description,Year_Range,Geolocation,ICSEA,ICSEA_Percentile,Bottom_SEA_Quarter_(%),Lower_Middle_SEA Quarter_(%),Upper_Middle_SEA_Quarter_(%),Top_SEA_Quarter_(%),Teaching_Staff,Full_Time_Equivalent_Teaching_Staff,Non-Teaching_Staff,Full_Time_Equivalent_Non-Teaching_Staff,Total_Enrolments,Girls_Enrolments,Boys_Enrolments,Full_Time_Equivalent_Enrolments,Indigenous_Enrolments_(%),Language_Background_Other_Than_English-Yes_(%),Language_Background_Other_Than_English-No_(%),Language_Background_Other_Than_English-Not_Stated_(%),ratio
2022,45958,40749,749,Ave Maria College,Aberfeldie,VIC,3040,Catholic,Secondary,School Single Entity,Individual Reporting,07-Dec,Major Cities,1069,75,9,29,38,23,69,65.3,34,25.7,815,815,0,815,0,9,91,0,11.8115942
2022,50267,69044,29044,Albert Park College,Albert Park,VIC,3206,Government,Secondary,School Head Campus,Rolled Reporting,07-Dec,Major Cities,1124,90,6,14,28,53,135,126,85,50.9,1559,740,819,1559,0,34,66,1,11.54814815
2022,45964,56965,16965,Mount St Joseph Girls' College,Altona,VIC,3018,Catholic,Secondary,School Single Entity,Individual Reporting,07-Dec,Major Cities,1085,80,12,22,31,36,84,80.4,39,35.2,1153,1153,0,1153,0,31,69,0,13.72619048
2022,45979,41221,1221,Emmanuel College,Altona North,VIC,3025,Catholic,Secondary,School Head Campus,Rolled Reporting,07-Dec,Major Cities,1066,75,12,28,34,26,176,167.7,72,58.3,2271,699,1572,2271,0,38,62,0,12.90340909
2022,45518,46191,6191,Ashwood High School,Ashwood,VIC,3147,Government,Secondary,School Single Entity,Individual Reporting,07-Dec,Major Cities,1087,81,12,20,30,37,57,51.5,27,22.9,715,319,396,715,1,39,60,1,12.54385965
2022,45351,48243,8243,Balwyn High School,Balwyn North,VIC,3104,Government,Secondary,School Single Entity,Individual Reporting,07-Dec,Major Cities,1142,94,3,9,30,58,196,172,50,37.3,2183,952,1231,2180.3,0,74,26,1,11.1377551
2022,45352,48992,8992,Bayswater Secondary College,Bayswater,VIC,3153,Government,Secondary,School Single Entity,Individual Reporting,07-Dec,Major Cities,952,26,51,27,17,5,23,21.2,10,7.8,174,72,102,174,4,7,92,1,7.565217391
2022,40621,54578,14578,St Francis Xavier College,Beaconsfield,VIC,3807,Catholic,Secondary,School Head Campus,Rolled Reporting,07-Dec,Major Cities,1042,66,18,33,32,17,293,272.3,199,174.4,3278,1589,1689,3278,0,30,70,0,11.18771331
2022,52592,85307,85306,Beaumaris Secondary College,Beaumaris,VIC,3193,Government,Secondary,School Single Entity,Individual Reporting,07-Nov,Major Cities,1110,87,5,19,32,44,76,70.5,23,17.3,836,348,488,835.5,0,15,85,1,11
2022,45970,56964,16964,Mater Christi College,Belgrave,VIC,3160,Catholic,Secondary,School Single Entity,Individual Reporting,07-Dec,Major Cities,1085,80,8,24,36,31,65,53.7,27,22.4,684,684,0,683.9,1,14,86,0,10.52307692
2022,45868,40899,899,Our Lady of the Sacred Heart College,Bentleigh,VIC,3204,Catholic,Secondary,School Single Entity,Individual Reporting,07-Dec,Major Cities,1097,83,5,20,39,37,65,60.7,34,24.6,728,728,0,728,0,24,76,0,11.2
2022,45338,54988,14988,Bentleigh Secondary College,Bentleigh East,VIC,3165,Government,Secondary,School Single Entity,Individual Reporting,07-Dec,Major Cities,1075,77,12,27,31,30,95,83.1,25,20,931,412,519,928.9,1,32,67,0,9.8
2022,45356,51847,11847,Berwick Secondary College,Berwick,VIC,3806,Government,Secondary,School Single Entity,Individual Reporting,07-Dec,Major Cities,1021,56,25,35,27,13,147,131.8,62,45.2,1707,817,890,1706.5,1,18,81,1,11.6122449
2022,45480,57171,17171,Kambrya College,Berwick,VIC,3806,Government,Secondary,School Single Entity,Individual Reporting,07-Dec,Major Cities,1029,60,24,32,28,17,149,132.4,68,54.9,1766,831,935,1764.8,1,40,60,0,11.85234899
2022,45594,68202,28202,Nossal High School,Berwick,VIC,3806,Government,Secondary,School Single Entity,Individual Reporting,09-Dec,Major Cities,1136,93,4,11,29,55,65,57.8,30,21.6,831,359,472,829.4,0,90,9,1,12.78461538
2022,45357,48389,8389,Blackburn High School,Blackburn,VIC,3130,Government,Secondary,School Single Entity,Individual Reporting,07-Dec,Major Cities,1092,82,9,21,34,37,102,95.2,44,30.9,1283,557,726,1282.9,0,34,65,1,12.57843137
2022,45359,48381,8381,Box Hill High School,Box Hill,VIC,3128,Government,Secondary,School Single Entity,Individual Reporting,07-Dec,Major Cities,1127,91,5,14,29,52,119,103.4,30,23.4,1393,565,828,1390.7,0,59,41,0,11.70588235
2022,45823,40893,893,Our Lady of Sion College,Box Hill,VIC,3128,Catholic,Secondary,School Single Entity,Individual Reporting,07-Dec,Major Cities,1098,84,5,18,40,38,84,73.1,41,36.2,949,949,0,949,0,6,94,0,11.29761905
2022,40900,55901,15901,Caroline Chisholm Catholic College,Braybrook,VIC,3019,Catholic,Secondary,School Head Campus,Rolled Reporting,07-Dec,Major Cities,1022,57,26,31,29,15,106,101.3,63,53,1452,633,819,1452,0,41,59,0,13.69811321
2022,45360,46184,6184,Braybrook College,Braybrook,VIC,3019,Government,Secondary,School Single Entity,Individual Reporting,07-Dec,Major Cities,960,29,50,27,16,7,142,121.1,59,33.2,1365,654,711,1365,1,85,15,0,9.612676056
2022,45675,41272,1272,Star of the Sea College,Brighton,VIC,3186,Catholic,Secondary,School Single Entity,Individual Reporting,07-Dec,Major Cities,1125,90,3,13,34,50,113,101.9,34,29.9,1194,1194,0,1194,0,4,96,0,10.56637168
2022,45362,49274,9274,Brighton Secondary College,Brighton East,VIC,3187,Government,Secondary,School Single Entity,Individual Reporting,07-Dec,Major Cities,1119,89,6,14,32,48,101,85.9,34,25.2,1043,430,613,1040.3,0,33,65,2,10.32673267
2022,46096,54377,14377,Penola Catholic College,Broadmeadows,VIC,3047,Catholic,Secondary,School Head Campus,Rolled Reporting,07-Dec,Major Cities,989,42,39,29,21,11,160,143.2,89,65.9,1478,636,842,1478,1,43,57,0,9.2375
2022,50190,56073,16073,Hume Central Secondary College,Broadmeadows,VIC,3047,Government,Secondary,School Head Campus,Rolled Reporting,07-Dec,Major Cities,881,7,74,17,8,2,145,125.2,71,62.5,1176,504,672,1176,2,83,17,0,8.110344828
2022,45471,46268,6268,Sydney Road Community School,Brunswick,VIC,3056,Government,Secondary,School Head Campus,Rolled Reporting,07-Dec,Major Cities,1026,58,30,22,23,24,32,24.7,21,14.5,96,44,52,95.3,6,10,89,1,3
2022,45545,46256,6256,Brunswick Secondary College,Brunswick,VIC,3056,Government,Secondary,School Single Entity,Individual Reporting,07-Dec,Major Cities,1118,89,10,15,25,50,102,88.1,32,25.6,1034,501,533,1032.7,0,35,65,1,10.1372549
2022,45874,55687,15687,Marcellin College,Bulleen,VIC,3105,Catholic,Secondary,School Single Entity,Individual Reporting,07-Dec,Major Cities,1107,86,4,20,35,41,122,116,54,46.4,1328,0,1328,1328,0,3,97,0,10.8852459
2022,45395,56058,16058,Bundoora Secondary College,Bundoora,VIC,3083,Government,Secondary,School Single Entity,Individual Reporting,07-Dec,Major Cities,1017,54,28,31,24,17,35,32.5,28,17.7,397,184,213,396.4,2,27,73,0,11.34285714
2022,45629,54105,14105,Parade College,Bundoora,VIC,3083,Catholic,Secondary,School Head Campus,Rolled Reporting,07-Dec,Major Cities,1074,77,10,26,35,29,187,172.9,86,71,1925,0,1925,1925,1,19,81,0,10.29411765
2022,45508,54850,14850,Forest Hill College,Burwood East,VIC,3151,Government,Secondary,School Head Campus,Rolled Reporting,07-Dec,Major Cities,1034,62,26,24,27,23,51,48.2,26,19.3,526,212,314,526,2,30,68,2,10.31372549
2022,45857,50941,10941,Siena College Ltd,Camberwell,VIC,3124,Catholic,Secondary,School Single Entity,Individual Reporting,07-Dec,Major Cities,1151,95,1,9,28,62,79,71.7,44,37.2,782,782,0,782,1,12,88,0,9.898734177
2022,52527,,80055,SEDA College (Victoria),Camberwell,VIC,3123,Independent,Secondary,School Head Campus,Rolled Reporting,11-Dec,Major Cities,1022,57,23,37,28,13,43,42.2,69,32,644,216,428,644,3,9,91,0,14.97674419
2022,45365,48378,8378,Camberwell High School,Canterbury,VIC,3126,Government,Secondary,School Single Entity,Individual Reporting,07-Dec,Major Cities,1127,91,4,14,30,51,86,72.9,36,27.3,984,280,704,983.3,0,30,65,6,11.44186047
2022,45366,48379,8379,Canterbury Girls Secondary College,Canterbury,VIC,3126,Government,Secondary,School Single Entity,Individual Reporting,07-Dec,Major Cities,1131,91,4,13,32,52,81,67.2,29,18.9,876,876,0,871.5,0,35,45,20,10.81481481
2022,46121,57811,17811,Catholic Regional College Caroline Springs,Caroline Springs,VIC,3023,Catholic,Secondary,School Single Entity,Individual Reporting,07-Oct,Major Cities,1037,63,20,32,31,17,72,66.4,39,33.1,1001,489,512,1001,0,29,71,0,13.90277778
2022,50199,69644,29644,Lakeview Senior College,Caroline Springs,VIC,3023,Government,Secondary,School Single Entity,Individual Reporting,10-Dec,Major Cities,1009,50,30,36,25,10,75,68,45,27.5,968,505,463,968,0,57,42,1,12.90666667
2022,45482,57818,17818,Carrum Downs Secondary College,Carrum Downs,VIC,3201,Government,Secondary,School Single Entity,Individual Reporting,07-Dec,Major Cities,968,32,47,33,16,4,69,63.5,38,31.4,869,401,468,869,2,21,79,1,12.5942029
2022,45495,56059,16059,Glen Eira College,Caulfield East,VIC,3145,Government,Secondary,School Head Campus,Rolled Reporting,07-Dec,Major Cities,1115,88,6,17,30,47,71,64.8,33,26.3,855,395,460,851.8,0,51,48,0,12.04225352
2022,45468,49268,9268,Oakwood School,Caulfield North,VIC,3161,Government,Secondary,School Head Campus,Rolled Reporting,07-Dec,Major Cities,960,28,49,27,15,9,40,33.9,22,18.4,440,231,209,438.4,7,8,91,1,11
2022,45870,56966,16966,Salesian College Chadstone,Chadstone,VIC,3148,Catholic,Secondary,School Single Entity,Individual Reporting,07-Dec,Major Cities,1083,80,8,23,37,32,91,86.5,53,44.9,1104,0,1104,1104,0,50,50,0,12.13186813
2022,45368,49300,9300,Cheltenham Secondary College,Cheltenham,VIC,3192,Government,Secondary,School Single Entity,Individual Reporting,07-Dec,Major Cities,1052,69,15,32,33,21,86,72.4,32,22.2,883,356,527,882.4,1,44,55,1,10.26744186
2022,40828,68200,28200,John Monash Science School,Clayton,VIC,3168,Government,Secondary,School Single Entity,Individual Reporting,10-Dec,Major Cities,1116,89,6,14,31,50,64,57.6,77,32.3,656,314,342,649.8,0,73,27,0,10.25
2022,45490,46234,6234,Westall Secondary College,Clayton South,VIC,3169,Government,Secondary,School Head Campus,Rolled Reporting,07-Dec,Major Cities,966,31,46,25,19,10,56,52.5,32,20.4,595,288,307,594.5,1,83,15,1,10.625
2022,53068,88161,88160,Clyde Secondary College,Clyde,VIC,3978,Government,Secondary,School Single Entity,Individual Reporting,7,Major Cities,1019,55,27,34,26,13,16,14.7,16,10.5,147,61,86,147,2,52,47,1,9.1875
2022,40780,66431,26431,Coburg High School,Coburg,VIC,3058,Government,Secondary,School Single Entity,Individual Reporting,07-Dec,Major Cities,1088,81,12,20,30,38,103,93.3,35,30.1,1211,545,666,1209.3,1,24,75,0,11.75728155
2022,45985,40859,859,Mercy College,Coburg North,VIC,3058,Catholic,Secondary,School Single Entity,Individual Reporting,07-Dec,Major Cities,1028,60,24,33,27,17,44,34.4,23,14.4,390,390,0,390,0,26,74,0,8.863636364
2022,45496,46174,6174,Craigieburn Secondary College,Craigieburn,VIC,3064,Government,Secondary,School Single Entity,Individual Reporting,07-Dec,Major Cities,925,16,61,24,12,3,93,89.6,52,46.7,1098,488,610,1096,2,65,35,0,11.80645161
2022,52779,86870,86869,Elevation Secondary College,Craigieburn,VIC,3064,Government,Secondary,School Single Entity,Individual Reporting,07-Sept,Major Cities,962,29,47,28,19,7,49,46.8,21,19.1,487,230,257,487,2,76,23,1,9.93877551
2022,45328,55450,15450,Lyndhurst Secondary College,Cranbourne,VIC,3977,Government,Secondary,School Single Entity,Individual Reporting,07-Dec,Major Cities,937,20,59,27,11,3,59,56.6,36,27.5,726,345,381,726,2,42,57,1,12.30508475
2022,45372,52225,12225,Cranbourne Secondary College,Cranbourne,VIC,3977,Government,Secondary,School Single Entity,Individual Reporting,07-Dec,Major Cities,918,14,65,24,9,2,121,110.6,57,45.6,1272,637,635,1272,2,42,57,0,10.51239669
2022,46087,54579,14579,St Peter's College,Cranbourne,VIC,3977,Catholic,Secondary,School Head Campus,Rolled Reporting,07-Dec,Major Cities,1036,63,20,33,30,16,160,151.6,88,70.3,1790,882,908,1790,1,55,45,0,11.1875
2022,50278,69109,29109,Cranbourne East Secondary College,Cranbourne East,VIC,3977,Government,Secondary,School Single Entity,Individual Reporting,07-Dec,Major Cities,976,36,42,30,19,8,144,136.1,56,47.1,1829,931,898,1829,1,60,39,1,12.70138889
2022,45604,68854,28854,Alkira Secondary College,Cranbourne North,VIC,3977,Government,Secondary,School Single Entity,Individual Reporting,07-Dec,Major Cities,988,41,38,28,22,11,135,125.3,54,46.7,1738,841,897,1737.5,1,58,42,0,12.87407407
2022,52920,87629,87628,Cranbourne West Secondary College,Cranbourne West,VIC,3977,Government,Secondary,School Single Entity,Individual Reporting,07-Aug,Major Cities,979,37,43,29,20,8,42,37.4,35,22.6,469,218,251,469,2,45,53,1,11.16666667
2022,45374,48446,8446,Croydon Community School,Croydon,VIC,3136,Government,Secondary,School Head Campus,Rolled Reporting,07-Dec,Major Cities,936,20,54,23,17,7,22,21.4,22,17.5,117,41,76,117,11,2,98,0,5.318181818
2022,45421,69637,29637,Melba Secondary College,Croydon,VIC,3136,Government,Secondary,School Single Entity,Individual Reporting,07-Dec,Major Cities,981,38,40,27,21,12,67,56.6,36,26.5,624,311,313,624,1,27,73,0,9.313432836
2022,46223,55323,15323,Luther College,Croydon,VIC,3136,Independent,Secondary,School Single Entity,Individual Reporting,07-Dec,Major Cities,1130,91,3,15,32,50,135,112.7,52,44.3,1169,611,558,1168.6,0,10,90,0,8.659259259
2022,45588,46230,6230,Dandenong High School,Dandenong,VIC,3175,Government,Secondary,School Head Campus,Rolled Reporting,07-Dec,Major Cities,895,10,68,17,10,5,148,137.6,62,57.4,1519,745,774,1519,1,90,10,0,10.26351351
2022,45932,41041,1041,St John's Regional College,Dandenong,VIC,3175,Catholic,Secondary,School Single Entity,Individual Reporting,07-Dec,Major Cities,995,44,36,34,24,6,63,58.6,33,29,612,282,330,612,0,34,66,0,9.714285714
2022,45416,49249,9249,Lyndale Secondary College,Dandenong North,VIC,3175,Government,Secondary,School Single Entity,Individual Reporting,07-Dec,Major Cities,913,13,65,20,11,3,89,76.2,42,28.2,823,414,409,822.2,1,83,17,0,9.247191011
2022,40689,57411,17411,Copperfield College,Delahey,VIC,3037,Government,Secondary,School Head Campus,Rolled Reporting,07-Dec,Major Cities,952,26,53,29,14,4,191,170.4,94,71.6,2036,976,1060,2035.4,1,57,43,0,10.65968586
2022,45521,54847,14847,Diamond Valley College,Diamond Creek,VIC,3089,Government,Secondary,School Single Entity,Individual Reporting,07-Dec,Major Cities,1021,56,24,36,27,14,80,67,20,15.1,762,378,384,760.1,2,6,89,5,9.525
2022,45379,48256,8256,Doncaster Secondary College,Doncaster,VIC,3108,Government,Secondary,School Single Entity,Individual Reporting,07-Dec,Major Cities,1064,74,14,28,32,26,106,93.6,46,36.7,1319,627,692,1318.5,1,32,68,0,12.44339623
2022,45377,54872,14872,East Doncaster Secondary College,Doncaster East,VIC,3109,Government,Secondary,School Single Entity,Individual Reporting,07-Dec,Major Cities,1107,86,7,16,33,44,154,128,53,39.6,1630,752,878,1629.8,0,75,25,0,10.58441558
2022,45865,48789,8789,Whitefriars College Inc,Donvale,VIC,3111,Catholic,Secondary,School Single Entity,Individual Reporting,07-Dec,Major Cities,1113,88,3,19,35,43,101,93.5,59,47.9,1079,0,1079,1079,1,11,89,0,10.68316832
2022,45330,56380,16380,Dromana Secondary College,Dromana,VIC,3936,Government,Secondary,School Single Entity,Individual Reporting,07-Dec,Major Cities,1010,51,30,34,25,11,162,143.4,49,36.8,1819,878,941,1818.5,2,3,97,0,11.22839506
2022,45382,48232,8232,Eltham High School,Eltham,VIC,3095,Government,Secondary,School Single Entity,Individual Reporting,07-Dec,Major Cities,1097,84,9,22,29,40,137,118.9,81,41.7,1471,709,762,1470.8,1,9,91,1,10.73722628
2022,45726,54273,14273,Catholic Ladies' College Ltd,Eltham,VIC,3095,Catholic,Secondary,School Single Entity,Individual Reporting,07-Dec,Major Cities,1111,87,4,18,35,43,73,63.6,34,26.5,762,762,0,760.8,0,8,92,0,10.43835616
2022,45510,46625,6625,St Helena Secondary College,Eltham North,VIC,3095,Government,Secondary,School Single Entity,Individual Reporting,07-Dec,Major Cities,1062,73,14,29,32,25,132,115.8,34,27.3,1510,744,766,1510,1,13,84,3,11.43939394
2022,45383,55445,15445,Elwood College,Elwood,VIC,3184,Government,Secondary,School Single Entity,Individual Reporting,07-Dec,Major Cities,1105,86,8,18,31,44,71,64.6,33,23.2,795,346,449,793.5,1,26,72,2,11.1971831
2022,45497,54722,14722,Emerald Secondary College,Emerald,VIC,3782,Government,Secondary,School Single Entity,Individual Reporting,07-Dec,Major Cities,1012,52,27,37,25,12,60,54.3,36,25.3,708,345,363,707.3,3,4,96,0,11.8
2022,45599,55647,15647,Gleneagles Secondary College,Endeavour Hills,VIC,3802,Government,Secondary,School Single Entity,Individual Reporting,07-Dec,Major Cities,972,34,45,28,19,8,136,124,45,38.4,1472,699,773,1469.3,1,61,39,1,10.82352941
2022,40615,53639,13639,St Monica's College,Epping,VIC,3076,Catholic,Secondary,School Head Campus,Rolled Reporting,07-Dec,Major Cities,1055,71,15,30,34,21,218,199.2,117,104.4,2018,983,1035,2018,0,56,44,0,9.256880734
2022,45384,46254,6254,Epping Secondary College,Epping,VIC,3076,Government,Secondary,School Single Entity,Individual Reporting,07-Dec,Major Cities,971,34,46,31,17,6,104,92.1,45,34.5,1208,597,611,1206.4,3,51,49,1,11.61538462
2022,45414,48099,8099,Lalor North Secondary College,Epping,VIC,3076,Government,Secondary,School Single Entity,Individual Reporting,07-Dec,Major Cities,945,23,55,31,13,2,33,27.4,26,19.6,298,151,147,297.4,2,53,44,3,9.03030303
2022,45364,47995,7995,Buckley Park College,Essendon,VIC,3040,Government,Secondary,School Single Entity,Individual Reporting,07-Dec,Major Cities,1080,79,11,23,33,33,81,72.6,27,20.7,928,417,511,927,1,39,61,0,11.45679012
2022,45748,54274,14274,St Columba's College,Essendon,VIC,3040,Catholic,Secondary,School Single Entity,Individual Reporting,07-Dec,Major Cities,1106,86,6,20,32,41,82,74.5,47,39.1,1001,1001,0,1001,0,26,74,0,12.20731707
2022,45864,53638,13638,St Bernard's College,Essendon,VIC,3040,Catholic,Secondary,School Single Entity,Individual Reporting,07-Dec,Major Cities,1089,82,6,25,36,33,128,115.7,63,55.4,1577,0,1577,1577,0,6,94,0,12.3203125
2022,45626,68782,28782,John Fawkner Secondary College,Fawkner,VIC,3060,Government,Secondary,School Head Campus,Rolled Reporting,07-Dec,Major Cities,948,24,56,25,14,5,33,31.4,17,14.2,304,97,207,303,1,64,36,0,9.212121212
2022,45972,41068,1068,St Joseph's College,Ferntree Gully,VIC,3156,Catholic,Secondary,School Single Entity,Individual Reporting,07-Dec,Major Cities,1043,66,14,35,36,14,81,71.8,31,26.5,914,0,914,914,0,3,97,0,11.28395062
2022,53091,87941,87940,Mountain District Community College,Ferntree Gully,VIC,3156,Independent,Secondary,School Single Entity,Individual Reporting,10-Dec,Major Cities,997,45,30,36,25,8,6,5.1,4,2.7,52,27,25,52,0,6,94,0,8.666666667
2022,45704,40739,739,Academy of Mary Immaculate,Fitzroy,VIC,3065,Catholic,Secondary,School Single Entity,Individual Reporting,07-Dec,Major Cities,1079,79,13,18,35,35,66,54.2,30,23.7,679,679,0,679,0,35,65,0,10.28787879
2022,45517,62781,22781,Fitzroy High School,Fitzroy North,VIC,3068,Government,Secondary,School Single Entity,Individual Reporting,07-Dec,Major Cities,1093,83,13,17,27,44,61,49.2,27,19.3,573,269,304,571.7,1,22,78,0,9.393442623
2022,45375,46262,6262,Mount Alexander 7-12 College,Flemington,VIC,3031,Government,Secondary,School Head Campus,Rolled Reporting,07-Dec,Major Cities,1065,74,20,19,27,35,52,48.5,26,19.4,628,266,362,627,1,41,50,9,12.07692308
2022,52813,86859,86857,Footscray Learning Precinct Secondary College (interim name),Footscray,VIC,3011,Government,Secondary,School Head Campus,Rolled Reporting,07-Dec,Major Cities,1066,74,18,21,29,33,142,128.5,47,39.8,1400,660,740,1398.5,1,31,67,1,9.85915493
2022,45390,68484,28484,Frankston High School,Frankston,VIC,3199,Government,Secondary,School Head Campus,Rolled Reporting,07-Dec,Major Cities,1069,76,12,27,34,27,172,145.8,71,47.9,1973,951,1022,1972.8,1,23,76,0,11.47093023
2022,45571,56061,16061,McClelland Secondary College,Frankston,VIC,3199,Government,Secondary,School Head Campus,Rolled Reporting,07-Dec,Major Cities,974,35,43,34,18,5,85,80.5,49,36,1041,525,516,1040.9,3,9,90,1,12.24705882
2022,45994,40846,846,John Paul College,Frankston,VIC,3199,Catholic,Secondary,School Single Entity,Individual Reporting,07-Dec,Major Cities,1045,67,15,36,34,15,97,90.6,55,44.9,1072,504,568,1072,1,12,88,0,11.05154639
2022,45547,46290,6290,Monterey Secondary College,Frankston North,VIC,3200,Government,Secondary,School Single Entity,Individual Reporting,07-Dec,Major Cities,910,12,70,21,7,2,39,36.4,36,28.8,325,154,171,325,8,10,87,4,8.333333333
2022,45324,55053,15053,Mount Erin Secondary College,Frankston South,VIC,3199,Government,Secondary,School Head Campus,Rolled Reporting,07-Dec,Major Cities,988,41,39,36,18,7,80,68.8,28,24.6,807,400,407,806.3,2,7,92,1,10.0875
2022,52594,85326,85324,Springside West Secondary College,Fraser Rise,VIC,3336,Government,Secondary,School Single Entity,Individual Reporting,07-Dec,Major Cities,1026,59,25,32,28,15,96,89.8,36,29.9,1209,582,627,1209,0,61,38,0,12.59375
2022,45394,48003,8003,Gladstone Park Secondary College,Gladstone Park,VIC,3043,Government,Secondary,School Single Entity,Individual Reporting,07-Dec,Major Cities,993,43,38,32,21,8,137,121.5,38,32.5,1498,721,777,1498,1,45,55,0,10.93430657
2022,45361,48905,8905,Brentwood Secondary College,Glen Waverley,VIC,3150,Government,Secondary,School Single Entity,Individual Reporting,07-Dec,Major Cities,1087,81,11,22,32,36,134,122.1,40,29.5,1637,776,861,1636.5,0,58,42,0,12.21641791
2022,45399,54999,14999,Highvale Secondary College,Glen Waverley,VIC,3150,Government,Secondary,School Single Entity,Individual Reporting,07-Dec,Major Cities,1099,84,8,18,34,40,106,92,37,19.7,1102,518,584,1101.5,0,63,36,1,10.39622642
2022,45546,48921,8921,Glen Waverley Secondary College,Glen Waverley,VIC,3150,Government,Secondary,School Single Entity,Individual Reporting,07-Dec,Major Cities,1121,90,6,12,31,51,164,145.7,40,32.9,2018,944,1074,2016.5,0,90,10,0,12.30487805
2022,45625,68781,28781,Glenroy Secondary College,Glenroy,VIC,3046,Government,Secondary,School Single Entity,Individual Reporting,07-Dec,Major Cities,913,13,68,20,10,3,48,41,26,18.9,436,153,283,436,2,74,26,0,9.083333333
2022,45522,48122,8122,Greensborough Secondary College,Greensborough,VIC,3088,Government,Secondary,School Head Campus,Rolled Reporting,07-Dec,Major Cities,1005,49,30,33,25,12,51,42.9,20,12.7,447,189,258,447,5,14,85,0,8.764705882
2022,46123,67935,27935,Kolbe Catholic College,Greenvale,VIC,3059,Catholic,Secondary,School Single Entity,Individual Reporting,07-Dec,Major Cities,976,36,43,28,21,8,90,85.8,67,54.7,1116,555,561,1115.6,1,48,52,0,12.4
2022,53070,88169,88168,Greenvale Secondary College,Greenvale,VIC,3059,Government,Secondary,School Single Entity,Individual Reporting,7,Major Cities,1014,53,27,37,24,12,13,13,9,7,120,62,58,119.2,3,56,44,0,9.230769231
2022,40623,54723,14723,Hallam Secondary College,Hallam,VIC,3803,Government,Secondary,School Head Campus,Rolled Reporting,10-Dec,Major Cities,955,26,49,34,15,3,57,49.9,28,23.1,478,206,272,477.4,3,32,68,1,8.385964912
2022,45499,54905,14905,Hampton Park Secondary College,Hampton Park,VIC,3976,Government,Secondary,School Single Entity,Individual Reporting,07-Dec,Major Cities,897,10,70,21,7,2,103,96.1,77,62.3,1138,541,597,1135.2,2,73,27,0,11.04854369
2022,45396,54248,14248,Western Port Secondary College,Hastings,VIC,3915,Government,Secondary,School Single Entity,Individual Reporting,07-Dec,Major Cities,947,24,53,32,12,4,62,57.8,43,32.7,671,332,339,669.6,7,5,94,1,10.82258065
2022,40430,46242,6242,Swinburne Senior Secondary College,Hawthorn,VIC,3122,Government,Secondary,School Head Campus,Rolled Reporting,11-Dec,Major Cities,1094,83,7,19,35,39,43,36.5,18,11.4,396,257,139,373.5,1,14,86,0,9.209302326
2022,46354,56610,16610,Alia College,Hawthorn East,VIC,3123,Independent,Secondary,School Single Entity,Individual Reporting,07-Dec,Major Cities,1115,88,5,12,34,49,20,12.1,10,4.6,91,50,41,87,2,12,88,0,4.55
2022,50684,70188,30188,Auburn High School,Hawthorn East,VIC,3123,Government,Secondary,School Single Entity,Individual Reporting,07-Dec,Major Cities,1151,95,4,9,26,61,58,53.5,19,12.3,675,244,431,672.3,0,52,47,1,11.63793103
2022,45555,48441,8441,Heathmont College,Heathmont,VIC,3135,Government,Secondary,School Single Entity,Individual Reporting,07-Dec,Major Cities,1009,50,30,32,26,12,63,58.9,29,22.1,709,322,387,708.8,2,9,91,0,11.25396825
2022,45760,40888,888,Our Lady of Mercy College,Heidelberg,VIC,3084,Catholic,Secondary,School Single Entity,Individual Reporting,07-Dec,Major Cities,1102,85,5,20,37,38,102,86.9,52,43.4,1189,1189,0,1188,0,24,76,0,11.65686275
2022,45500,54779,14779,Hoppers Crossing Secondary College,Hoppers Crossing,VIC,3029,Government,Secondary,School Single Entity,Individual Reporting,07-Dec,Major Cities,971,34,45,29,19,8,141,130.4,44,38,1469,720,749,1468.4,2,42,58,0,10.41843972
2022,45501,55448,15448,Keilor Downs Secondary College,Keilor Downs,VIC,3038,Government,Secondary,School Single Entity,Individual Reporting,07-Dec,Major Cities,1004,48,33,31,25,11,110,96.6,74,43.7,1281,576,705,1281,0,61,37,2,11.64545455
2022,45543,56383,16383,Essendon Keilor College,Keilor East,VIC,3033,Government,Secondary,School Head Campus,Rolled Reporting,07-Dec,Major Cities,990,42,40,32,20,8,80,66.5,31,22.9,625,287,338,625,2,39,59,2,7.8125
2022,46064,43415,3415,Catholic Regional College North Keilor,Keilor Lodge,VIC,3038,Catholic,Secondary,School Single Entity,Individual Reporting,07-Oct,Major Cities,1042,65,17,35,32,16,53,50,35,27.6,643,321,322,643,0,23,77,0,12.13207547
2022,45404,46320,6320,Kensington Community High School,Kensington,VIC,3031,Government,Secondary,School Single Entity,Individual Reporting,07-Dec,Major Cities,944,23,49,28,17,6,12,11.4,9,7.7,90,43,47,90,9,14,84,2,7.5
2022,45405,46241,6241,Kew High School,Kew East,VIC,3102,Government,Secondary,School Single Entity,Individual Reporting,07-Dec,Major Cities,1112,87,7,16,29,48,99,84.7,50,26.4,1080,423,657,1079.7,0,34,66,0,10.90909091
2022,45386,49021,9021,Fairhills High School,Knoxfield,VIC,3180,Government,Secondary,School Single Entity,Individual Reporting,07-Dec,Major Cities,980,38,45,31,17,7,38,30,24,16.9,380,187,193,379.4,2,20,77,3,10
2022,45334,55516,15516,Peter Lalor Secondary College,Lalor,VIC,3075,Government,Secondary,School Single Entity,Individual Reporting,09-Dec,Major Cities,928,17,57,27,13,3,23,19.6,16,13,124,58,66,123.6,12,22,78,0,5.391304348
2022,45413,46279,6279,Lalor Secondary College,Lalor,VIC,3075,Government,Secondary,School Single Entity,Individual Reporting,07-Dec,Major Cities,948,24,57,26,14,4,108,98.2,34,26.3,1128,567,561,1128,1,72,28,0,10.44444444
2022,45506,52125,12125,Elisabeth Murdoch College,Langwarrin,VIC,3910,Government,Secondary,School Single Entity,Individual Reporting,07-Dec,Major Cities,1001,47,33,37,21,9,141,125.7,55,41.9,1698,883,815,1694.5,2,6,94,0,12.04255319
2022,45335,48506,8506,Lilydale Heights College,Lilydale,VIC,3140,Government,Secondary,School Single Entity,Individual Reporting,07-Dec,Major Cities,990,42,38,35,21,6,66,58.9,38,25.6,754,374,380,753.5,2,5,95,1,11.42424242
2022,45415,48504,8504,Lilydale High School,Lilydale,VIC,3140,Government,Secondary,School Single Entity,Individual Reporting,07-Dec,Major Cities,1004,48,32,35,25,8,128,106.4,40,28.6,1371,660,711,1368.4,2,5,95,0,10.7109375
2022,45706,40869,869,Mount Lilydale Mercy College,Lilydale,VIC,3140,Catholic,Secondary,School Single Entity,Individual Reporting,07-Dec,Major Cities,1038,64,19,35,31,15,122,113.8,65,54.5,1488,779,709,1487.7,2,3,97,0,12.19672131
2022,45420,46210,6210,Maribyrnong Secondary College,Maribyrnong,VIC,3032,Government,Secondary,School Single Entity,Individual Reporting,07-Dec,Major Cities,1040,65,20,30,31,19,106,100.4,91,43.2,1280,555,725,1280,0,37,62,1,12.0754717
2022,45436,49452,9452,Mckinnon Secondary College,Mckinnon,VIC,3204,Government,Secondary,School Single Entity,Individual Reporting,07-Dec,Major Cities,1118,89,3,14,35,48,207,182.4,102,60.2,2538,1196,1342,2535.7,0,53,47,0,12.26086957
2022,40714,86628,17944,Ozford College,Melbourne,VIC,3000,Independent,Secondary,School Head Campus,Rolled Reporting,11-Dec,Major Cities,1111,87,6,16,34,44,7,3.2,,,27,11,16,27,0,100,0,0,3.857142857
2022,45437,45264,5264,MacRobertson Girls High School,Melbourne,VIC,3004,Government,Secondary,School Single Entity,Individual Reporting,09-Dec,Major Cities,1174,98,3,7,23,67,91,77.5,36,22.4,1136,1136,0,1136,0,88,12,0,12.48351648
2022,45424,50064,10064,Melton Secondary College,Melton,VIC,3337,Government,Secondary,School Head Campus,Rolled Reporting,07-Dec,Major Cities,940,21,56,28,12,3,122,112.2,61,53.3,1383,735,648,1383,5,39,60,0,11.33606557
2022,45504,56397,16397,Kurunjang Secondary College,Melton,VIC,3337,Government,Secondary,School Single Entity,Individual Reporting,07-Dec,Major Cities,939,21,61,27,10,2,80,74.5,50,40,902,445,457,901.8,2,36,64,0,11.275
2022,53016,87138,87137,Djerriwarrh Community & Education Services - Djerriwarrh Community College,Melton,VIC,3337,Independent,Secondary,School Single Entity,Individual Reporting,11-Dec,Major Cities,947,24,52,31,12,5,5,4.7,11,5.1,44,15,29,43.5,2,0,100,0,8.8
2022,45336,56432,16432,Staughton College,Melton South,VIC,3338,Government,Secondary,School Single Entity,Individual Reporting,07-Dec,Major Cities,958,27,50,30,14,5,104,96.6,51,38.7,1295,681,614,1295,3,41,59,0,12.45192308
2022,46054,42495,2495,St Francis Catholic College,Melton West,VIC,3337,Catholic,Secondary,School Single Entity,Individual Reporting,07-Dec,Major Cities,1009,50,31,32,25,12,101,98,57,47.6,1203,645,558,1203,2,21,79,0,11.91089109
2022,45425,46629,6629,Mentone Girls Secondary College,Mentone,VIC,3194,Government,Secondary,School Single Entity,Individual Reporting,07-Dec,Major Cities,1086,81,7,26,35,32,89,79.3,36,23.4,1038,1038,0,1036.3,0,26,73,1,11.66292135
2022,45712,40822,822,Kilbreda College,Mentone,VIC,3194,Catholic,Secondary,School Single Entity,Individual Reporting,07-Dec,Major Cities,1068,75,9,30,38,23,90,74.8,46,37.9,877,877,0,877,1,12,88,0,9.744444444
2022,45855,55688,15688,St Bede's College,Mentone,VIC,3194,Catholic,Secondary,School Head Campus,Rolled Reporting,07-Dec,Major Cities,1093,83,6,23,34,36,165,155.1,83,65.1,1891,0,1891,1891,0,10,90,0,11.46060606
2022,45524,54772,14772,Mill Park Secondary College,Mill Park,VIC,3082,Government,Secondary,School Head Campus,Rolled Reporting,07-Dec,Major Cities,1007,50,32,31,23,13,110,96.1,38,33.4,1171,581,590,1171,2,57,43,0,10.64545455
2022,45519,56407,16407,Mullauna Secondary College,Mitcham,VIC,3132,Government,Secondary,School Single Entity,Individual Reporting,07-Dec,Major Cities,1056,71,17,26,30,27,52,46.2,20,13.9,512,244,268,511.5,2,29,70,0,9.846153846
2022,45427,46283,6283,Monbulk College,Monbulk,VIC,3793,Government,Secondary,School Single Entity,Individual Reporting,07-Dec,Major Cities,1033,62,23,32,28,17,55,43,26,14.6,537,243,294,535.3,1,6,90,4,9.763636364
2022,45326,56440,16440,Box Hill Senior Secondary College,Mont Albert North,VIC,3129,Government,Secondary,School Single Entity,Individual Reporting,09-Dec,Major Cities,1055,71,18,26,30,26,28,26,23,12.6,361,122,239,361,1,18,62,20,12.89285714
2022,45406,46193,6193,Koonung Secondary College,Mont Albert North,VIC,3129,Government,Secondary,School Single Entity,Individual Reporting,07-Dec,Major Cities,1100,84,8,20,31,41,93,80,51,28.4,1130,471,659,1128.4,0,48,52,0,12.15053763
2022,45428,48229,8229,Montmorency Secondary College,Montmorency,VIC,3094,Government,Secondary,School Single Entity,Individual Reporting,07-Dec,Major Cities,1064,74,12,30,31,27,99,89,30,20.3,1122,555,567,1120.7,2,9,91,0,11.33333333
2022,45429,54798,14798,Mooroolbark College,Mooroolbark,VIC,3138,Government,Secondary,School Single Entity,Individual Reporting,07-Dec,Major Cities,988,41,38,31,21,9,94,80.4,53,36.1,1052,549,503,1050.9,1,15,85,0,11.19148936
2022,50185,68194,28194,Yarra Hills Secondary College,Mooroolbark,VIC,3138,Government,Secondary,School Head Campus,Rolled Reporting,07-Dec,Major Cities,970,33,45,33,16,6,76,64.1,36,30.3,720,335,385,720,3,11,89,0,9.473684211
2022,45431,49398,9398,Mordialloc College,Mordialloc,VIC,3195,Government,Secondary,School Single Entity,Individual Reporting,07-Dec,Major Cities,1055,71,17,28,30,25,101,90,44,32.7,1189,518,671,1188.2,1,18,82,1,11.77227723
2022,45450,49400,9400,Parkdale Secondary College,Mordialloc,VIC,3195,Government,Secondary,School Single Entity,Individual Reporting,07-Dec,Major Cities,1068,75,11,29,33,27,136,118.1,50,37.4,1716,730,986,1713.9,1,15,85,0,12.61764706
2022,45542,46205,6205,Mornington Secondary College,Mornington,VIC,3931,Government,Secondary,School Single Entity,Individual Reporting,07-Dec,Major Cities,1006,49,31,35,25,9,116,104.3,35,31.7,1329,621,708,1328.4,2,8,92,0,11.45689655
2022,45713,40909,909,Padua College,Mornington,VIC,3931,Catholic,Secondary,School Head Campus,Rolled Reporting,07-Dec,Major Cities,1061,73,11,32,35,22,207,190,170,125.9,2548,1286,1262,2547,1,5,95,0,12.30917874
2022,45433,52142,12142,Mount Eliza Secondary College,Mount Eliza,VIC,3930,Government,Secondary,School Single Entity,Individual Reporting,07-Dec,Major Cities,1057,71,13,33,30,23,66,52.7,34,24.8,697,338,359,697,1,7,91,2,10.56060606
2022,45434,48897,8897,Mount Waverley Secondary College,Mount Waverley,VIC,3149,Government,Secondary,School Head Campus,Rolled Reporting,07-Dec,Major Cities,1112,87,6,16,31,46,155,133.9,53,38.8,1790,880,910,1790,0,65,34,1,11.5483871
2022,45976,40750,750,Avila College,Mount Waverley,VIC,3149,Catholic,Secondary,School Single Entity,Individual Reporting,07-Dec,Major Cities,1108,86,6,18,36,41,98,88,49,34.4,1071,1071,0,1071,0,16,84,0,10.92857143
2022,45487,54992,14992,Wellington Secondary College,Mulgrave,VIC,3170,Government,Secondary,School Single Entity,Individual Reporting,07-Dec,Major Cities,992,43,38,28,22,11,150,132.1,53,40.6,1761,763,998,1759,0,79,21,0,11.74
2022,45996,56398,16398,Mazenod College,Mulgrave,VIC,3170,Catholic,Secondary,School Single Entity,Individual Reporting,07-Dec,Major Cities,1071,76,14,26,30,30,123,110.8,82,59,1435,0,1435,1435,0,44,56,0,11.66666667
2022,45600,55302,15302,Fountain Gate Secondary College,Narre Warren,VIC,3805,Government,Secondary,School Single Entity,Individual Reporting,07-Dec,Major Cities,942,22,57,27,12,5,127,116.8,60,46,1364,681,683,1357.5,1,61,39,0,10.74015748
2022,45340,48417,8417,Rosehill Secondary College,Niddrie,VIC,3042,Government,Secondary,School Single Entity,Individual Reporting,07-Dec,Major Cities,1020,56,26,34,27,13,102,87.7,23,19.2,1113,522,591,1113,1,40,60,0,10.91176471
2022,45551,46231,6231,Noble Park Secondary College,Noble Park,VIC,3174,Government,Secondary,School Single Entity,Individual Reporting,07-Dec,Major Cities,903,11,67,17,10,6,43,38.7,29,22.5,451,223,228,450.8,1,85,15,0,10.48837209
2022,45735,40951,951,St Aloysius College,North Melbourne,VIC,3051,Catholic,Secondary,School Single Entity,Individual Reporting,07-Dec,Major Cities,1092,82,11,17,34,38,41,37.7,15,12.6,409,409,0,409,0,36,64,0,9.975609756
2022,45442,55028,15028,Northcote High School,Northcote,VIC,3070,Government,Secondary,School Head Campus,Rolled Reporting,07-Dec,Major Cities,1146,95,4,10,26,60,143,126.1,44,33.2,1763,807,956,1762.4,0,23,76,1,12.32867133
2022,45841,56400,16400,Santa Maria College,Northcote,VIC,3070,Catholic,Secondary,School Single Entity,Individual Reporting,07-Dec,Major Cities,1101,85,8,21,31,40,79,68.8,37,28.6,856,856,0,856,1,11,89,0,10.83544304
2022,46231,42237,2237,Nunawading Christian College - Secondary,Nunawading,VIC,3131,Independent,Secondary,School Single Entity,Individual Reporting,07-Dec,Major Cities,1053,70,18,20,34,28,26,22.5,15,5.7,207,97,110,207,0,52,48,0,7.961538462
2022,45922,40927,927,Sacred Heart Girls' College,Oakleigh,VIC,3166,Catholic,Secondary,School Single Entity,Individual Reporting,07-Dec,Major Cities,1102,85,8,18,34,41,91,80.6,37,29.4,961,961,0,961,0,62,38,0,10.56043956
2022,45539,46222,6222,South Oakleigh Secondary College,Oakleigh South,VIC,3167,Government,Secondary,School Single Entity,Individual Reporting,07-Dec,Major Cities,1039,64,23,29,28,20,69,60.1,28,18.5,698,343,355,696.6,0,57,42,1,10.11594203
2022,51485,70276,30276,Officer Secondary College,Officer,VIC,3809,Government,Secondary,School Single Entity,Individual Reporting,07-Dec,Major Cities,1001,47,34,34,22,10,85,79.3,46,35.8,1011,522,489,1008.4,1,26,73,0,11.89411765
2022,45449,51854,11854,Pakenham Secondary College,Pakenham,VIC,3810,Government,Secondary,School Single Entity,Individual Reporting,07-Dec,Major Cities,958,28,52,31,13,5,75,70.3,31,24.4,785,381,404,782.8,2,25,74,1,10.46666667
2022,52921,87635,87634,Edenbrook Secondary College,Pakenham,VIC,3810,Government,Secondary,School Single Entity,Individual Reporting,07-Aug,Major Cities,1003,48,33,35,22,10,22,22,11,8.4,243,105,138,243,1,30,70,0,11.04545455
2022,45475,48032,8032,University High School,Parkville,VIC,3052,Government,Secondary,School Head Campus,Rolled Reporting,07-Dec,Major Cities,1124,90,8,12,28,53,182,159.9,77,43.8,1759,808,951,1757.6,1,63,36,1,9.664835165
2022,45452,46288,6288,Pascoe Vale Girls Secondary College,Pascoe Vale,VIC,3044,Government,Secondary,School Single Entity,Individual Reporting,07-Dec,Major Cities,973,35,46,23,20,11,93,76.4,35,19.9,885,885,0,885,1,83,17,0,9.516129032
2022,40786,66763,26763,Point Cook Senior Secondary College,Point Cook,VIC,3030,Government,Secondary,School Single Entity,Individual Reporting,10-Dec,Major Cities,1015,53,31,31,23,16,58,55.8,29,23.3,745,332,413,743.8,1,54,44,2,12.84482759
2022,52780,86876,86875,Homestead Senior Secondary College,Point Cook,VIC,3030,Government,Secondary,School Single Entity,Individual Reporting,10-Dec,Major Cities,1046,67,19,27,30,24,32,29.6,13,11.9,342,140,202,342,2,52,48,0,10.6875
2022,53069,88171,88170,Port Melbourne Secondary College,Port Melbourne,VIC,3207,Government,Secondary,School Single Entity,Individual Reporting,7,Major Cities,1073,77,12,19,32,37,10,9,7,3.4,81,29,52,80.6,4,30,68,1,8.1
2022,45341,56065,16065,Northern College of the Arts and Technology,Preston,VIC,3072,Government,Secondary,School Single Entity,Individual Reporting,10-Dec,Major Cities,1029,60,22,34,26,17,49,41.3,30,17.9,369,175,194,365.1,2,17,81,2,7.530612245
2022,52699,86071,86070,Preston High School,Preston,VIC,3072,Government,Secondary,School Single Entity,Individual Reporting,07-Oct,Major Cities,1104,85,10,17,29,44,63,58.2,22,13.8,682,345,337,682,2,28,69,2,10.82539683
2022,45454,46266,6266,Princes Hill Secondary College,Princes Hill,VIC,3054,Government,Secondary,School Head Campus,Rolled Reporting,07-Dec,Major Cities,1149,95,4,9,24,63,77,63.4,37,20.8,853,397,456,853,0,19,74,7,11.07792208
2022,45498,46168,6168,Reservoir High School,Reservoir,VIC,3073,Government,Secondary,School Head Campus,Rolled Reporting,07-Dec,Major Cities,976,36,42,27,20,12,76,63.1,30,20.8,691,326,365,690.4,7,54,44,1,9.092105263
2022,45627,68833,28833,William Ruthven Secondary College,Reservoir,VIC,3073,Government,Secondary,School Single Entity,Individual Reporting,07-Dec,Major Cities,959,28,49,30,15,6,41,36.1,17,15.3,440,192,248,439.4,5,55,44,1,10.73170732
2022,45417,46317,6317,Lynall Hall Community School,Richmond,VIC,3121,Government,Secondary,School Head Campus,Rolled Reporting,"U, 8-12",Major Cities,980,38,41,31,14,14,20,17.9,14,11,72,25,47,72,8,12,88,0,3.6
2022,45557,56063,16063,Melbourne Girls College,Richmond,VIC,3121,Government,Secondary,School Single Entity,Individual Reporting,07-Dec,Major Cities,1137,93,5,12,28,55,104,99.1,34,25.9,1403,1403,0,1399.9,0,30,70,0,13.49038462
2022,52703,,,Richmond High School,Richmond,VIC,3121,Government,Secondary,School Head Campus,Rolled Reporting,07-Nov,Major Cities,1076,78,17,18,27,38,47,44.3,24,14.7,507,157,350,504.6,1,34,65,1,10.78723404
2022,45443,48411,8411,Norwood Secondary College,Ringwood,VIC,3134,Government,Secondary,School Single Entity,Individual Reporting,07-Dec,Major Cities,1038,64,20,33,29,18,93,81.1,40,32.5,1066,527,539,1065.6,1,11,89,0,11.46236559
2022,45459,48435,8435,Ringwood Secondary College,Ringwood,VIC,3134,Government,Secondary,School Single Entity,Individual Reporting,07-Dec,Major Cities,1045,67,20,25,30,24,152,128.1,73,47.9,1545,788,757,1545,1,30,70,1,10.16447368
2022,45947,40747,747,Aquinas College,Ringwood,VIC,3134,Catholic,Secondary,School Single Entity,Individual Reporting,07-Dec,Major Cities,1077,78,9,28,35,28,125,113,67,57.7,1662,822,840,1660.8,1,5,95,0,13.296
2022,45461,46207,6207,Rosebud Secondary College,Rosebud,VIC,3939,Government,Secondary,School Single Entity,Individual Reporting,07-Dec,Major Cities,982,38,42,33,17,7,92,76.9,43,33,856,432,424,855.8,3,3,97,0,9.304347826
2022,45512,54775,14775,Rowville Secondary College,Rowville,VIC,3178,Government,Secondary,School Head Campus,Rolled Reporting,07-Dec,Major Cities,1020,56,26,33,28,13,145,127,91,60.1,1777,866,911,1772.3,1,14,85,1,12.25517241
2022,45476,57510,17510,Roxburgh College,Roxburgh Park,VIC,3064,Government,Secondary,School Head Campus,Rolled Reporting,"U, 7-12",Major Cities,915,14,64,22,11,3,127,115.6,77,57.8,1154,550,604,1153,2,79,20,1,9.086614173
2022,40620,54246,14246,Sandringham College,Sandringham,VIC,3191,Government,Secondary,School Head Campus,Rolled Reporting,07-Dec,Major Cities,1093,83,9,20,32,40,97,86.1,37,27.9,977,441,536,974.6,1,17,81,2,10.07216495
2022,45463,49257,9257,Scoresby Secondary College,Scoresby,VIC,3179,Government,Secondary,School Single Entity,Individual Reporting,07-Dec,Major Cities,983,39,41,29,19,10,30,24.7,13,8.9,251,111,140,251,4,12,87,1,8.366666667
2022,45509,54232,14232,Patterson River Secondary College,Seaford,VIC,3198,Government,Secondary,School Single Entity,Individual Reporting,07-Dec,Major Cities,1006,49,29,37,24,10,107,97,47,37,1192,548,644,1190.4,3,12,85,4,11.14018692
2022,45605,58029,18029,Somerville Secondary College,Somerville,VIC,3912,Government,Secondary,School Single Entity,Individual Reporting,07-Dec,Major Cities,968,32,46,35,15,4,37,35.6,25,19.4,325,154,171,324.8,3,3,97,0,8.783783784
2022,52992,87057,87056,Youth2Industry College,South Melbourne,VIC,3205,Independent,Secondary,School Single Entity,Individual Reporting,11-Dec,Major Cities,952,26,50,22,20,8,6,6,3,2.4,52,19,33,52,4,28,72,0,8.666666667
2022,53092,87891,87890,Plenty River College,South Morang,VIC,3752,Independent,Secondary,School Single Entity,Individual Reporting,10-Dec,Major Cities,980,37,41,43,9,8,4,4,6,4.2,40,19,21,40,3,6,94,0,10
2022,45423,48508,8508,Melbourne High School,South Yarra,VIC,3141,Government,Secondary,School Head Campus,Rolled Reporting,09-Dec,Major Cities,1166,97,4,7,25,64,116,97.3,52,29.3,1369,0,1369,1368.3,0,87,12,0,11.80172414
2022,45344,54862,14862,Victorian College Of The Arts Secondary School,Southbank,VIC,3006,Government,Secondary,School Single Entity,Individual Reporting,07-Dec,Major Cities,1137,93,3,11,32,53,54,41.9,68,25.1,353,236,117,347,0,28,72,0,6.537037037
2022,45906,40826,826,Killester College,Springvale,VIC,3171,Catholic,Secondary,School Single Entity,Individual Reporting,07-Dec,Major Cities,1005,49,32,31,27,11,95,85.7,46,36.6,971,971,0,970.8,0,58,42,0,10.22105263
2022,45595,49223,9223,Keysborough Secondary College,Springvale South,VIC,3172,Government,Secondary,School Head Campus,Rolled Reporting,07-Dec,Major Cities,933,19,60,23,13,5,177,163.2,90,70.1,1874,882,992,1873.8,1,83,17,0,10.58757062
2022,45466,46249,6249,St Albans Secondary College,St Albans,VIC,3021,Government,Secondary,School Head Campus,Rolled Reporting,07-Dec,Major Cities,955,26,51,28,15,6,142,130.1,53,43.3,1656,788,868,1656,1,87,12,0,11.66197183
2022,45621,68798,28798,Victoria University Secondary College,St Albans,VIC,3021,Government,Secondary,School Head Campus,Rolled Reporting,07-Dec,Major Cities,961,29,51,28,16,5,92,84.2,50,37.1,1030,457,573,1030,1,70,29,0,11.19565217
2022,46035,42437,2437,Catholic Regional College St Albans,St Albans,VIC,3021,Catholic,Secondary,School Single Entity,Individual Reporting,07-Oct,Major Cities,944,23,56,21,15,8,50,43.7,34,28.1,469,210,259,469,1,83,17,0,9.38
2022,45632,54097,14097,St Mary's College Melbourne,St Kilda East,VIC,3183,Catholic,Secondary,School Head Campus,Rolled Reporting,07-Dec,Major Cities,1081,79,11,23,33,33,51,46.7,28,20.2,512,107,405,512,0,33,67,0,10.03921569
2022,45469,47998,7998,Strathmore Secondary College,Strathmore,VIC,3041,Government,Secondary,School Single Entity,Individual Reporting,07-Dec,Major Cities,1080,79,11,25,31,33,180,153.7,75,49.3,1912,877,1035,1911.8,1,40,60,0,10.62222222
2022,45470,55054,15054,Sunbury College,Sunbury,VIC,3429,Government,Secondary,School Single Entity,Individual Reporting,07-Dec,Major Cities,988,41,40,33,20,7,94,83.2,33,25.6,1067,557,510,1065.8,2,5,95,0,11.35106383
2022,45507,54987,14987,Sunbury Downs Secondary College,Sunbury,VIC,3429,Government,Secondary,School Single Entity,Individual Reporting,07-Dec,Major Cities,996,45,36,31,24,9,61,51.3,31,22.9,592,245,347,591.5,4,16,83,0,9.704918033
2022,45827,56967,16967,Salesian College Sunbury,Sunbury,VIC,3429,Catholic,Secondary,School Single Entity,Individual Reporting,07-Dec,Major Cities,1053,70,13,33,34,20,130,120.1,73,62.5,1469,696,773,1469,0,4,96,0,11.3
2022,45529,6190,15519,Sunshine College,Sunshine West,VIC,3020,Government,Secondary,School Head Campus,Rolled Reporting,07-Dec,Major Cities,938,20,57,24,14,4,119,108.2,46,37,1068,439,629,1066.8,1,59,37,3,8.974789916
2022,45963,40845,845,Marian College,Sunshine West,VIC,3020,Catholic,Secondary,School Single Entity,Individual Reporting,07-Dec,Major Cities,993,43,34,35,26,6,78,70.9,49,37.3,840,840,0,840,0,53,47,0,10.76923077
2022,40406,43403,3403,Catholic Regional College Sydenham,Sydenham,VIC,3037,Catholic,Secondary,School Single Entity,Individual Reporting,11-Dec,Major Cities,1018,55,26,33,29,13,87,82,47,36.5,903,423,480,903,0,33,67,0,10.37931034
2022,46102,54615,14615,Thomas Carr College,Tarneit,VIC,3029,Catholic,Secondary,School Single Entity,Individual Reporting,07-Dec,Major Cities,1049,68,18,29,31,21,96,92.9,57,51.1,1166,590,576,1166,0,40,60,0,12.14583333
2022,50459,69564,29564,Tarneit Senior College,Tarneit,VIC,3029,Government,Secondary,School Single Entity,Individual Reporting,10-Dec,Major Cities,989,42,39,30,22,9,76,74,33,31.4,969,464,505,968.8,1,78,22,0,12.75
2022,45527,54778,14778,Taylors Lakes Secondary College,Taylors Lakes,VIC,3038,Government,Secondary,School Single Entity,Individual Reporting,07-Dec,Major Cities,1000,47,32,36,23,9,120,105.1,47,31.7,1365,697,668,1365,1,48,52,0,11.375
2022,45560,48425,8425,Templestowe College,Templestowe Lower,VIC,3107,Government,Secondary,School Single Entity,Individual Reporting,07-Dec,Major Cities,1098,84,7,22,32,39,83,77.9,70,51.2,1183,541,642,1174.5,1,19,81,0,14.25301205
2022,45473,46280,6280,Thomastown Secondary College,Thomastown,VIC,3074,Government,Secondary,School Single Entity,Individual Reporting,07-Dec,Major Cities,918,14,65,22,12,2,59,53.5,14,12.1,532,263,269,532,2,85,13,2,9.016949153
2022,45533,54803,14803,Thornbury High School,Thornbury,VIC,3071,Government,Secondary,School Single Entity,Individual Reporting,07-Dec,Major Cities,1052,70,18,25,28,28,95,82.3,41,26.8,1053,486,567,1029.1,4,40,59,1,11.08421053
2022,45478,49045,9045,Upwey High School,Upwey,VIC,3158,Government,Secondary,School Single Entity,Individual Reporting,07-Dec,Major Cities,1039,65,20,34,28,18,75,65.2,43,27.4,840,417,423,840,0,5,93,2,11.2
2022,45479,48406,8406,Vermont Secondary College,Vermont,VIC,3133,Government,Secondary,School Single Entity,Individual Reporting,07-Dec,Major Cities,1105,86,7,19,32,42,131,113.2,52,31.1,1519,756,763,1518.7,0,44,55,0,11.59541985
2022,45936,40764,764,Emmaus College,Vermont South,VIC,3133,Catholic,Secondary,School Head Campus,Rolled Reporting,07-Dec,Major Cities,1071,76,8,29,40,24,143,107.2,65,50.4,1392,680,712,1392,0,23,77,0,9.734265734
2022,45550,55527,15527,Viewbank College,Viewbank,VIC,3084,Government,Secondary,School Single Entity,Individual Reporting,07-Dec,Major Cities,1115,88,7,16,31,46,127,110.5,36,25.9,1470,692,778,1469.2,0,36,63,1,11.57480315
2022,45484,48980,8980,Wantirna College,Wantirna,VIC,3152,Government,Secondary,School Single Entity,Individual Reporting,07-Dec,Major Cities,1021,56,25,34,27,13,119,106.7,50,36.5,1438,696,742,1437.8,1,21,78,1,12.08403361
2022,45486,48263,8263,Warrandyte High School,Warrandyte,VIC,3113,Government,Secondary,School Single Entity,Individual Reporting,07-Dec,Major Cities,1038,64,22,32,26,20,37,29.9,19,14.5,334,146,188,332.7,0,12,78,10,9.027027027
2022,46053,42485,2485,Loyola College,Watsonia,VIC,3087,Catholic,Secondary,School Single Entity,Individual Reporting,07-Dec,Major Cities,1050,69,15,34,33,18,112,107.2,69,56.2,1405,706,699,1405,0,8,92,0,12.54464286
2022,46079,45558,5558,Nazareth College,Waverley Gardens,VIC,3174,Catholic,Secondary,School Single Entity,Individual Reporting,07-Dec,Major Cities,1040,65,20,30,31,18,70,61.6,40,31.1,746,329,417,745.4,0,30,70,0,10.65714286
2022,45346,54785,14785,Wyndham Central Secondary College,Werribee,VIC,3030,Government,Secondary,School Single Entity,Individual Reporting,07-Dec,Major Cities,915,14,64,22,11,3,116,110.4,50,43.8,1343,669,674,1342.9,4,40,60,0,11.57758621
2022,45488,46250,6250,Werribee Secondary College,Werribee,VIC,3030,Government,Secondary,School Single Entity,Individual Reporting,07-Dec,Major Cities,1031,61,26,24,28,23,137,120.9,38,31.5,1564,786,778,1558.9,1,71,29,0,11.41605839
2022,46002,40851,851,MacKillop Catholic Regional College,Werribee,VIC,3030,Catholic,Secondary,School Head Campus,Rolled Reporting,07-Dec,Major Cities,1052,69,17,32,30,22,149,136.3,90,75.3,1685,855,830,1685,1,37,63,0,11.30872483
2022,50301,68201,28201,Suzanne Cory High School,Werribee,VIC,3030,Government,Secondary,School Single Entity,Individual Reporting,09-Dec,Major Cities,1151,95,3,9,25,63,76,68.2,26,19.3,906,404,502,906,0,91,9,0,11.92105263
2022,45631,47869,7869,Simonds Catholic College,West Melbourne,VIC,3003,Catholic,Secondary,School Head Campus,Rolled Reporting,07-Dec,Major Cities,1029,60,29,23,23,25,43,37.6,20,16,410,0,410,410,0,48,52,0,9.534883721
2022,45491,48946,8946,Wheelers Hill Secondary College,Wheelers Hill,VIC,3150,Government,Secondary,School Single Entity,Individual Reporting,07-Dec,Major Cities,1025,58,23,35,28,14,58,52.3,22,16.1,700,374,326,698.8,2,20,78,2,12.06896552
2022,40427,46213,6213,Williamstown High School,Williamstown,VIC,3016,Government,Secondary,School Head Campus,Rolled Reporting,07-Dec,Major Cities,1109,87,8,16,30,46,128,108.5,50,29,1475,697,778,1472.9,1,20,80,1,11.5234375
2022,52698,86069,86068,Prahran High School,Windsor,VIC,3181,Government,Secondary,School Single Entity,Individual Reporting,07-Oct,Major Cities,1093,83,10,17,34,40,38,35.5,17,13.7,420,167,253,420,2,37,63,0,11.05263158
2022,52591,85311,85310,Edgars Creek Secondary College,Wollert,VIC,3750,Government,Secondary,School Single Entity,Individual Reporting,07-Nov,Major Cities,1002,48,33,29,26,12,82,79.6,33,27.5,1004,501,503,1004,1,77,23,0,12.24390244
,,,,,,,,,,,,,,,,,,,,,,,,226516,111785,114731,,,,,,10.70450637
,,,,,,,,,,,,,,,,,,,,,,,,,,,,,,,,14.97674419
,,,,,,,,,,,,,,,,,,,,,,,,,,,,,,,,3